<?xml version="1.0" encoding="UTF-8"?>
<project-private xmlns="http://www.netbeans.org/ns/project-private/1">
    <editor-bookmarks xmlns="http://www.netbeans.org/ns/editor-bookmarks/2" lastBookmarkId="0"/>
    <open-files xmlns="http://www.netbeans.org/ns/projectui-open-files/2">
        <group>
            <file>file:/C:/Users/abel1/Documents/CECyT-9/4IV8/Proyecto%20aula/FoodContainer(PA)/FoodContainer(PA)/web/CSS/newcss.css</file>
            <file>file:/C:/Users/abel1/Documents/CECyT-9/4IV8/Proyecto%20aula/FoodContainer(PA)/FoodContainer(PA)/web/cuenta.jsp</file>
            <file>file:/C:/Users/abel1/Documents/CECyT-9/4IV8/Proyecto%20aula/FoodContainer(PA)/FoodContainer(PA)/web/ConsultaProductos.jsp</file>
            <file>file:/C:/Users/abel1/Documents/CECyT-9/4IV8/Proyecto%20aula/FoodContainer(PA)/FoodContainer(PA)/web/CSS/alimentos.css</file>
            <file>file:/C:/Users/abel1/Documents/CECyT-9/4IV8/Proyecto%20aula/FoodContainer(PA)/FoodContainer(PA)/web/CSS/inicio.css</file>
            <file>file:/C:/Users/abel1/Documents/CECyT-9/4IV8/Proyecto%20aula/FoodContainer(PA)/FoodContainer(PA)/web/style.css</file>
            <file>file:/C:/Users/abel1/Documents/CECyT-9/4IV8/Proyecto%20aula/FoodContainer(PA)/FoodContainer(PA)/web/registrarVenta.jsp</file>
            <file>file:/C:/Users/abel1/Documents/CECyT-9/4IV8/Proyecto%20aula/FoodContainer(PA)/FoodContainer(PA)/web/iniciarsesion.jsp</file>
            <file>file:/C:/Users/abel1/Documents/CECyT-9/4IV8/Proyecto%20aula/FoodContainer(PA)/FoodContainer(PA)/web/ConsultaUsuarios.jsp</file>
            <file>file:/C:/Users/abel1/Documents/CECyT-9/4IV8/Proyecto%20aula/FoodContainer(PA)/FoodContainer(PA)/web/index.html</file>
            <file>file:/C:/Users/abel1/Documents/CECyT-9/4IV8/Proyecto%20aula/FoodContainer(PA)/FoodContainer(PA)/web/canastab.jsp</file>
            <file>file:/C:/Users/abel1/Documents/CECyT-9/4IV8/Proyecto%20aula/FoodContainer(PA)/FoodContainer(PA)/web/snacks.jsp</file>
            <file>file:/C:/Users/abel1/Documents/CECyT-9/4IV8/Proyecto%20aula/FoodContainer(PA)/FoodContainer(PA)/web/error.jsp</file>
            <file>file:/C:/Users/abel1/Documents/CECyT-9/4IV8/Proyecto%20aula/FoodContainer(PA)/FoodContainer(PA)/web/bebidas.jsp</file>
            <file>file:/C:/Users/abel1/Documents/CECyT-9/4IV8/Proyecto%20aula/FoodContainer(PA)/FoodContainer(PA)/web/registrar.jsp</file>
            <file>file:/C:/Users/abel1/Documents/CECyT-9/4IV8/Proyecto%20aula/FoodContainer(PA)/FoodContainer(PA)/web/CSS/estilo.css</file>
            <file>file:/C:/Users/abel1/Documents/CECyT-9/4IV8/Proyecto%20aula/FoodContainer(PA)/FoodContainer(PA)/web/AñadirCarrito.jsp</file>
            <file>file:/C:/Users/abel1/Documents/CECyT-9/4IV8/Proyecto%20aula/FoodContainer(PA)/FoodContainer(PA)/web/administrador.jsp</file>
            <file>file:/C:/Users/abel1/Documents/CECyT-9/4IV8/Proyecto%20aula/FoodContainer(PA)/FoodContainer(PA)/web/Validaruser.jsp</file>
            <file>file:/C:/Users/abel1/Documents/CECyT-9/4IV8/Proyecto%20aula/FoodContainer(PA)/FoodContainer(PA)/src/java/Control/Conexion.java</file>
            <file>file:/C:/Users/abel1/Documents/CECyT-9/4IV8/Proyecto%20aula/FoodContainer(PA)/FoodContainer(PA)/web/CSS/efectos.css</file>
            <file>file:/C:/Users/abel1/Documents/CECyT-9/4IV8/Proyecto%20aula/FoodContainer(PA)/FoodContainer(PA)/web/CSS/carrito.css</file>
            <file>file:/C:/Users/abel1/Documents/CECyT-9/4IV8/Proyecto%20aula/FoodContainer(PA)/FoodContainer(PA)/web/Conocenos.jsp</file>
            <file>file:/C:/Users/abel1/Documents/CECyT-9/4IV8/Proyecto%20aula/FoodContainer(PA)/FoodContainer(PA)/web/CSS/tablas.css</file>
        </group>
    </open-files>
</project-private>
