<?xml version="1.0" encoding="UTF-8"?>
<project-private xmlns="http://www.netbeans.org/ns/project-private/1">
    <editor-bookmarks xmlns="http://www.netbeans.org/ns/editor-bookmarks/2" lastBookmarkId="0"/>
    <open-files xmlns="http://www.netbeans.org/ns/projectui-open-files/2">
        <group>
            <file>file:/C:/Users/Rafael/Documents/Proyectos%20Java/POO-3iv8/Netbeans/Login/FoodContainer(PA)/web/administrador.jsp</file>
            <file>file:/C:/Users/Rafael/Documents/Proyectos%20Java/POO-3iv8/Netbeans/Login/FoodContainer(PA)/web/snacks.jsp</file>
            <file>file:/C:/Users/Rafael/Documents/Proyectos%20Java/POO-3iv8/Netbeans/Login/FoodContainer(PA)/src/java/Servlet/actualizarusuario.java</file>
            <file>file:/C:/Users/Rafael/Documents/Proyectos%20Java/POO-3iv8/Netbeans/Login/FoodContainer(PA)/web/Validaruser.jsp</file>
            <file>file:/C:/Users/Rafael/Documents/Proyectos%20Java/POO-3iv8/Netbeans/Login/FoodContainer(PA)/web/ConsultaUsuarios.jsp</file>
            <file>file:/C:/Users/Rafael/Documents/Proyectos%20Java/POO-3iv8/Netbeans/Login/FoodContainer(PA)/src/java/Servlet/agregarProducto.java</file>
            <file>file:/C:/Users/Rafael/Documents/Proyectos%20Java/POO-3iv8/Netbeans/Login/FoodContainer(PA)/web/iniciarsesion.jsp</file>
            <file>file:/C:/Users/Rafael/Documents/Proyectos%20Java/POO-3iv8/Netbeans/Login/FoodContainer(PA)/src/java/Control/Conexion.java</file>
            <file>file:/C:/Users/Rafael/Documents/Proyectos%20Java/POO-3iv8/Netbeans/Login/FoodContainer(PA)/src/java/Servlet/borrar.java</file>
            <file>file:/C:/Users/Rafael/Documents/Proyectos%20Java/POO-3iv8/Netbeans/Login/FoodContainer(PA)/src/java/Servlet/actualizarProducto.java</file>
            <file>file:/C:/Users/Rafael/Documents/Proyectos%20Java/POO-3iv8/Netbeans/Login/FoodContainer(PA)/web/bebidas.jsp</file>
            <file>file:/C:/Users/Rafael/Documents/Proyectos%20Java/POO-3iv8/Netbeans/Login/FoodContainer(PA)/web/cuenta.jsp</file>
            <file>file:/C:/Users/Rafael/Documents/Proyectos%20Java/POO-3iv8/Netbeans/Login/FoodContainer(PA)/src/java/Servlet/borrarp.java</file>
            <file>file:/C:/Users/Rafael/Documents/Proyectos%20Java/POO-3iv8/Netbeans/Login/FoodContainer(PA)/src/java/Servlet/guardarusuario.java</file>
            <file>file:/C:/Users/Rafael/Documents/Proyectos%20Java/POO-3iv8/Netbeans/Login/FoodContainer(PA)/src/java/Modelo/Producto.java</file>
            <file>file:/C:/Users/Rafael/Documents/Proyectos%20Java/POO-3iv8/Netbeans/Login/FoodContainer(PA)/web/AñadirCarrito.jsp</file>
            <file>file:/C:/Users/Rafael/Documents/Proyectos%20Java/POO-3iv8/Netbeans/Login/FoodContainer(PA)/src/java/Modelo/Usuario.java</file>
            <file>file:/C:/Users/Rafael/Documents/Proyectos%20Java/POO-3iv8/Netbeans/Login/FoodContainer(PA)/src/java/Control/AccionesUsuario.java</file>
            <file>file:/C:/Users/Rafael/Documents/Proyectos%20Java/POO-3iv8/Netbeans/Login/FoodContainer(PA)/src/java/Modelo/ProductoB.java</file>
            <file>file:/C:/Users/Rafael/Documents/Proyectos%20Java/POO-3iv8/Netbeans/Login/FoodContainer(PA)/src/java/Control/ProductoDB.java</file>
            <file>file:/C:/Users/Rafael/Documents/Proyectos%20Java/POO-3iv8/Netbeans/Login/FoodContainer(PA)/src/java/Control/AccionesProducto.java</file>
            <file>file:/C:/Users/Rafael/Documents/Proyectos%20Java/POO-3iv8/Netbeans/Login/FoodContainer(PA)/web/registrar.jsp</file>
            <file>file:/C:/Users/Rafael/Documents/Proyectos%20Java/POO-3iv8/Netbeans/Login/FoodContainer(PA)/src/java/Modelo/DetalleVenta.java</file>
            <file>file:/C:/Users/Rafael/Documents/Proyectos%20Java/POO-3iv8/Netbeans/Login/FoodContainer(PA)/web/registrarVenta.jsp</file>
            <file>file:/C:/Users/Rafael/Documents/Proyectos%20Java/POO-3iv8/Netbeans/Login/FoodContainer(PA)/web/canastab.jsp</file>
            <file>file:/C:/Users/Rafael/Documents/Proyectos%20Java/POO-3iv8/Netbeans/Login/FoodContainer(PA)/src/java/Modelo/DCarrito.java</file>
            <file>file:/C:/Users/Rafael/Documents/Proyectos%20Java/POO-3iv8/Netbeans/Login/FoodContainer(PA)/src/java/Servlet/ServletControlador.java</file>
            <file>file:/C:/Users/Rafael/Documents/Proyectos%20Java/POO-3iv8/Netbeans/Login/FoodContainer(PA)/web/ConsultaProductos.jsp</file>
        </group>
    </open-files>
</project-private>
